ID,LABEL_ID,OFFER_ID
864,54,OFF0007
864,233,OFF0007
864,213,OFF0007
864,56,OFF0007
864,63,OFF0007
864,203,OFF0007
864,216,OFF0007
864,108,OFF0007
1160,34,OFF0014
1160,123,OFF0014
1160,233,OFF0014
1160,120,OFF0014
1160,17,OFF0014
1160,206,OFF0014
1160,155,OFF0014
1160,21,OFF0014
1160,125,OFF0014
1160,157,OFF0014
936,134,OFF0005
936,47,OFF0005
936,54,OFF0005
936,144,OFF0005
936,233,OFF0005
936,183,OFF0005
936,227,OFF0005
936,203,OFF0005
936,89,OFF0005
100,103,OFF0022
100,47,OFF0005
100,54,OFF0005
100,144,OFF0005
100,233,OFF0005
100,183,OFF0005
100,227,OFF0005
100,203,OFF0005
100,89,OFF0005
100,134,OFF0005
100,144,OFF0020
100,132,OFF0020
100,106,OFF0020
100,136,OFF0020
100,233,OFF0020
100,49,OFF0022
100,97,OFF0022
476,55,OFF0021
476,104,OFF0021
476,50,OFF0021
1470,229,OFF0025
1470,54,OFF0027
1470,56,OFF0027
1470,209,OFF0027
1470,194,OFF0027
1470,234,OFF0027
1470,95,OFF0027
1470,97,OFF0025
676,233,OFF0020
676,144,OFF0020
676,132,OFF0020
676,106,OFF0020
676,136,OFF0020
803,43,OFF0044
803,151,OFF0044
803,208,OFF0044
803,75,OFF0044
803,67,OFF0044
803,38,OFF0044
803,86,OFF0044
803,246,OFF0044
803,122,OFF0044
803,224,OFF0044
803,89,OFF0044
803,203,OFF0044
1416,103,OFF0023
1416,49,OFF0023
1416,235,OFF0023
1416,135,OFF0023
1051,54,OFF0007
1051,233,OFF0007
1051,213,OFF0007
1051,56,OFF0007
1051,63,OFF0007
1051,203,OFF0007
1051,216,OFF0007
1051,108,OFF0007
359,54,OFF0007
359,233,OFF0007
359,213,OFF0007
359,56,OFF0007
359,63,OFF0007
359,203,OFF0007
359,216,OFF0007
359,108,OFF0007
694,103,OFF0022
694,49,OFF0022
694,97,OFF0022
1118,233,OFF0020
1118,144,OFF0020
1118,132,OFF0020
1118,106,OFF0020
1118,136,OFF0020
1463,103,OFF0023
1463,49,OFF0023
1463,235,OFF0023
1463,135,OFF0023
599,54,OFF0007
599,233,OFF0007
599,213,OFF0007
599,56,OFF0007
599,63,OFF0007
599,203,OFF0007
599,216,OFF0007
599,108,OFF0007
331,103,OFF0023
331,49,OFF0023
331,235,OFF0023
331,135,OFF0023
176,54,OFF0007
176,233,OFF0007
176,213,OFF0007
176,56,OFF0007
176,63,OFF0007
176,203,OFF0007
176,216,OFF0007
176,108,OFF0007
222,103,OFF0023
222,49,OFF0023
222,235,OFF0023
222,135,OFF0023
1191,103,OFF0023
1191,117,OFF0010
1191,200,OFF0010
1191,54,OFF0010
1191,233,OFF0010
1191,55,OFF0010
1191,124,OFF0010
1191,44,OFF0010
1191,166,OFF0010
1191,27,OFF0010
1191,62,OFF0010
1191,42,OFF0010
1191,238,OFF0010
1191,49,OFF0023
1191,235,OFF0023
1191,135,OFF0023
1441,229,OFF0025
1441,43,OFF0016
1441,233,OFF0016
1441,12,OFF0016
1441,11,OFF0016
1441,9,OFF0016
1441,10,OFF0016
1441,19,OFF0016
1441,249,OFF0016
1441,41,OFF0016
1441,87,OFF0016
1441,49,OFF0022
1441,97,OFF0022
1441,103,OFF0022
1441,49,OFF0023
1441,235,OFF0023
1441,135,OFF0023
1441,103,OFF0023
1441,97,OFF0025
1089,103,OFF0022
1089,49,OFF0022
1089,97,OFF0022
657,55,OFF0021
657,104,OFF0021
657,50,OFF0021
838,70,OFF0034
838,43,OFF0034
838,93,OFF0034
838,238,OFF0034
838,211,OFF0034
838,168,OFF0034
838,126,OFF0034
838,81,OFF0034
838,80,OFF0034
838,37,OFF0034
838,222,OFF0034
838,223,OFF0034
838,217,OFF0034
1019,160,OFF0040
1019,43,OFF0040
1019,93,OFF0040
1019,238,OFF0040
1019,95,OFF0040
1019,193,OFF0040
1019,199,OFF0040
933,134,OFF0005
933,47,OFF0005
933,54,OFF0005
933,144,OFF0005
933,233,OFF0005
933,183,OFF0005
933,227,OFF0005
933,203,OFF0005
933,89,OFF0005
1271,43,OFF0011
1271,131,OFF0011
1271,101,OFF0011
1271,84,OFF0011
1271,45,OFF0011
1271,219,OFF0011
1271,144,OFF0011
1271,40,OFF0011
1247,103,OFF0023
1247,49,OFF0023
1247,235,OFF0023
1247,135,OFF0023
828,103,OFF0023
828,49,OFF0023
828,235,OFF0023
828,135,OFF0023
257,103,OFF0023
257,49,OFF0022
257,97,OFF0022
257,103,OFF0022
257,49,OFF0023
257,235,OFF0023
257,135,OFF0023
1413,87,OFF0016
1413,43,OFF0016
1413,233,OFF0016
1413,12,OFF0016
1413,11,OFF0016
1413,9,OFF0016
1413,10,OFF0016
1413,19,OFF0016
1413,249,OFF0016
1413,41,OFF0016
464,134,OFF0005
464,221,OFF0045
464,93,OFF0045
464,184,OFF0045
464,43,OFF0045
464,91,OFF0045
464,100,OFF0045
464,55,OFF0045
464,57,OFF0045
464,76,OFF0045
464,107,OFF0045
464,89,OFF0045
464,203,OFF0045
464,50,OFF0045
464,47,OFF0005
464,54,OFF0005
464,144,OFF0005
464,233,OFF0005
464,183,OFF0005
464,227,OFF0005
464,203,OFF0005
464,89,OFF0005
163,103,OFF0023
163,49,OFF0023
163,235,OFF0023
163,135,OFF0023
1339,103,OFF0024
1339,49,OFF0024
1339,97,OFF0024
1339,135,OFF0024
1339,49,OFF0023
1339,235,OFF0023
1339,135,OFF0023
1339,103,OFF0023
1339,49,OFF0022
1339,97,OFF0022
1339,103,OFF0022
834,233,OFF0020
834,144,OFF0020
834,132,OFF0020
834,106,OFF0020
834,136,OFF0020
1285,103,OFF0023
1285,49,OFF0023
1285,235,OFF0023
1285,135,OFF0023
1375,103,OFF0023
1375,49,OFF0023
1375,235,OFF0023
1375,135,OFF0023
268,103,OFF0023
268,47,OFF0005
268,54,OFF0005
268,144,OFF0005
268,233,OFF0005
268,183,OFF0005
268,227,OFF0005
268,203,OFF0005
268,89,OFF0005
268,134,OFF0005
268,49,OFF0023
268,235,OFF0023
268,135,OFF0023
268,97,OFF0025
268,229,OFF0025
268,49,OFF0022
268,97,OFF0022
268,103,OFF0022
747,181,OFF0036
747,43,OFF0036
747,93,OFF0036
747,238,OFF0036
747,226,OFF0036
747,245,OFF0036
747,159,OFF0036
747,163,OFF0036
1201,134,OFF0005
1201,47,OFF0005
1201,54,OFF0005
1201,144,OFF0005
1201,233,OFF0005
1201,183,OFF0005
1201,227,OFF0005
1201,203,OFF0005
1201,89,OFF0005
218,144,OFF0015
218,233,OFF0015
218,220,OFF0015
218,180,OFF0015
218,15,OFF0015
218,13,OFF0015
218,165,OFF0015
218,14,OFF0015
959,87,OFF0016
959,43,OFF0016
959,233,OFF0016
959,12,OFF0016
959,11,OFF0016
959,9,OFF0016
959,10,OFF0016
959,19,OFF0016
959,249,OFF0016
959,41,OFF0016
281,54,OFF0007
281,233,OFF0007
281,213,OFF0007
281,56,OFF0007
281,63,OFF0007
281,203,OFF0007
281,216,OFF0007
281,108,OFF0007
1242,54,OFF0007
1242,233,OFF0007
1242,213,OFF0007
1242,56,OFF0007
1242,63,OFF0007
1242,203,OFF0007
1242,216,OFF0007
1242,108,OFF0007
454,55,OFF0021
454,104,OFF0021
454,50,OFF0021
377,54,OFF0007
377,233,OFF0007
377,213,OFF0007
377,56,OFF0007
377,63,OFF0007
377,203,OFF0007
377,216,OFF0007
377,108,OFF0007
903,214,OFF0009
903,54,OFF0006
903,56,OFF0006
903,58,OFF0006
903,183,OFF0006
903,203,OFF0006
903,89,OFF0006
903,59,OFF0006
903,198,OFF0006
903,233,OFF0006
903,35,OFF0006
903,238,OFF0009
903,79,OFF0009
903,54,OFF0009
903,194,OFF0009
903,140,OFF0009
903,58,OFF0009
903,56,OFF0009
903,233,OFF0009
903,203,OFF0009
903,89,OFF0009
1467,43,OFF0042
1467,121,OFF0042
1467,240,OFF0042
1467,232,OFF0042
1467,152,OFF0042
1467,111,OFF0042
1467,248,OFF0042
1467,178,OFF0042
1467,150,OFF0042
1467,31,OFF0042
1467,89,OFF0042
1467,203,OFF0042
1318,95,OFF0027
1318,54,OFF0027
1318,56,OFF0027
1318,209,OFF0027
1318,194,OFF0027
1318,234,OFF0027
472,238,OFF0010
472,117,OFF0010
472,200,OFF0010
472,54,OFF0010
472,233,OFF0010
472,55,OFF0010
472,124,OFF0010
472,44,OFF0010
472,166,OFF0010
472,27,OFF0010
472,62,OFF0010
472,42,OFF0010
466,103,OFF0023
466,49,OFF0023
466,235,OFF0023
466,135,OFF0023
117,103,OFF0022
117,49,OFF0022
117,97,OFF0022
381,103,OFF0022
381,167,OFF0002
381,141,OFF0002
381,205,OFF0002
381,54,OFF0002
381,90,OFF0002
381,54,OFF0026
381,79,OFF0026
381,194,OFF0026
381,56,OFF0026
381,116,OFF0026
381,234,OFF0026
381,95,OFF0026
381,49,OFF0022
381,97,OFF0022
449,229,OFF0025
449,49,OFF0022
449,97,OFF0022
449,103,OFF0022
449,97,OFF0025
1422,87,OFF0016
1422,43,OFF0016
1422,233,OFF0016
1422,12,OFF0016
1422,11,OFF0016
1422,9,OFF0016
1422,10,OFF0016
1422,19,OFF0016
1422,249,OFF0016
1422,41,OFF0016
978,54,OFF0007
978,233,OFF0007
978,213,OFF0007
978,56,OFF0007
978,63,OFF0007
978,203,OFF0007
978,216,OFF0007
978,108,OFF0007
1365,87,OFF0019
1365,144,OFF0020
1365,132,OFF0020
1365,106,OFF0020
1365,136,OFF0020
1365,233,OFF0020
1365,73,OFF0046
1365,203,OFF0046
1365,25,OFF0046
1365,195,OFF0046
1365,176,OFF0046
1365,110,OFF0046
1365,162,OFF0046
1365,51,OFF0046
1365,53,OFF0046
1365,52,OFF0046
1365,158,OFF0046
1365,89,OFF0046
1365,179,OFF0046
1365,43,OFF0019
1365,233,OFF0019
1365,8,OFF0019
1365,78,OFF0019
1365,5,OFF0019
1365,7,OFF0019
1365,6,OFF0019
1365,238,OFF0041
1365,250,OFF0041
1365,88,OFF0041
1365,241,OFF0041
1365,231,OFF0041
1365,218,OFF0041
1365,32,OFF0041
1365,1,OFF0041
1365,89,OFF0041
1365,131,OFF0011
1365,101,OFF0011
1365,84,OFF0011
1365,45,OFF0011
1365,219,OFF0011
1365,144,OFF0011
1365,40,OFF0011
1365,43,OFF0011
1245,55,OFF0021
1245,104,OFF0021
1245,50,OFF0021
559,103,OFF0023
559,47,OFF0005
559,54,OFF0005
559,144,OFF0005
559,233,OFF0005
559,183,OFF0005
559,227,OFF0005
559,203,OFF0005
559,89,OFF0005
559,134,OFF0005
559,167,OFF0002
559,141,OFF0002
559,205,OFF0002
559,54,OFF0002
559,90,OFF0002
559,233,OFF0013
559,144,OFF0013
559,2,OFF0013
559,4,OFF0013
559,3,OFF0013
559,220,OFF0013
559,131,OFF0011
559,101,OFF0011
559,84,OFF0011
559,45,OFF0011
559,219,OFF0011
559,144,OFF0011
559,40,OFF0011
559,43,OFF0011
559,144,OFF0020
559,132,OFF0020
559,106,OFF0020
559,136,OFF0020
559,233,OFF0020
559,49,OFF0023
559,235,OFF0023
559,135,OFF0023
559,97,OFF0025
559,229,OFF0025
559,49,OFF0022
559,97,OFF0022
559,103,OFF0022
547,95,OFF0027
547,54,OFF0027
547,56,OFF0027
547,209,OFF0027
547,194,OFF0027
547,234,OFF0027
116,202,OFF0008
116,221,OFF0045
116,93,OFF0045
116,184,OFF0045
116,43,OFF0045
116,91,OFF0045
116,100,OFF0045
116,55,OFF0045
116,57,OFF0045
116,76,OFF0045
116,107,OFF0045
116,89,OFF0045
116,203,OFF0045
116,50,OFF0045
116,54,OFF0008
116,93,OFF0008
116,203,OFF0008
116,89,OFF0008
116,60,OFF0008
116,233,OFF0008
1193,95,OFF0027
1193,54,OFF0027
1193,56,OFF0027
1193,209,OFF0027
1193,194,OFF0027
1193,234,OFF0027
146,238,OFF0010
146,233,OFF0007
146,213,OFF0007
146,56,OFF0007
146,63,OFF0007
146,203,OFF0007
146,216,OFF0007
146,108,OFF0007
146,54,OFF0007
146,117,OFF0010
146,200,OFF0010
146,54,OFF0010
146,233,OFF0010
146,55,OFF0010
146,124,OFF0010
146,44,OFF0010
146,166,OFF0010
146,27,OFF0010
146,62,OFF0010
146,42,OFF0010
476,95,OFF0027
476,54,OFF0027
476,56,OFF0027
476,209,OFF0027
476,194,OFF0027
476,234,OFF0027
1246,174,OFF0038
1246,43,OFF0038
1246,93,OFF0038
1246,238,OFF0038
1246,36,OFF0038
1246,187,OFF0038
1246,113,OFF0038
1246,71,OFF0038
1246,177,OFF0038
1246,247,OFF0038
1246,217,OFF0038
324,54,OFF0001
324,202,OFF0001
324,201,OFF0001
324,183,OFF0001
324,233,OFF0001
324,203,OFF0001
324,89,OFF0001
324,107,OFF0001
688,134,OFF0005
688,47,OFF0005
688,54,OFF0005
688,144,OFF0005
688,233,OFF0005
688,183,OFF0005
688,227,OFF0005
688,203,OFF0005
688,89,OFF0005
601,103,OFF0023
601,49,OFF0023
601,235,OFF0023
601,135,OFF0023
315,54,OFF0007
315,66,OFF0028
315,48,OFF0028
315,215,OFF0028
315,189,OFF0028
315,102,OFF0028
315,114,OFF0028
315,115,OFF0028
315,72,OFF0028
315,96,OFF0029
315,196,OFF0029
315,207,OFF0029
315,119,OFF0029
315,69,OFF0029
315,198,OFF0029
315,197,OFF0029
315,147,OFF0029
315,128,OFF0029
315,20,OFF0029
315,129,OFF0029
315,161,OFF0029
315,109,OFF0029
315,146,OFF0029
315,186,OFF0029
315,233,OFF0007
315,213,OFF0007
315,56,OFF0007
315,63,OFF0007
315,203,OFF0007
315,216,OFF0007
315,108,OFF0007
1202,233,OFF0020
1202,144,OFF0020
1202,132,OFF0020
1202,106,OFF0020
1202,136,OFF0020
985,54,OFF0007
985,233,OFF0007
985,213,OFF0007
985,56,OFF0007
985,63,OFF0007
985,203,OFF0007
985,216,OFF0007
985,108,OFF0007
1209,103,OFF0023
1209,47,OFF0005
1209,54,OFF0005
1209,144,OFF0005
1209,233,OFF0005
1209,183,OFF0005
1209,227,OFF0005
1209,203,OFF0005
1209,89,OFF0005
1209,134,OFF0005
1209,144,OFF0020
1209,132,OFF0020
1209,106,OFF0020
1209,136,OFF0020
1209,233,OFF0020
1209,117,OFF0010
1209,200,OFF0010
1209,54,OFF0010
1209,233,OFF0010
1209,55,OFF0010
1209,124,OFF0010
1209,44,OFF0010
1209,166,OFF0010
1209,27,OFF0010
1209,62,OFF0010
1209,42,OFF0010
1209,238,OFF0010
1209,49,OFF0022
1209,97,OFF0022
1209,103,OFF0022
1209,49,OFF0023
1209,235,OFF0023
1209,135,OFF0023
1209,97,OFF0025
1209,229,OFF0025
1373,54,OFF0007
1373,233,OFF0007
1373,213,OFF0007
1373,56,OFF0007
1373,63,OFF0007
1373,203,OFF0007
1373,216,OFF0007
1373,108,OFF0007
1210,103,OFF0023
1210,47,OFF0005
1210,54,OFF0005
1210,144,OFF0005
1210,233,OFF0005
1210,183,OFF0005
1210,227,OFF0005
1210,203,OFF0005
1210,89,OFF0005
1210,134,OFF0005
1210,49,OFF0023
1210,235,OFF0023
1210,135,OFF0023
195,103,OFF0022
195,47,OFF0005
195,54,OFF0005
195,144,OFF0005
195,233,OFF0005
195,183,OFF0005
195,227,OFF0005
195,203,OFF0005
195,89,OFF0005
195,134,OFF0005
195,117,OFF0010
195,200,OFF0010
195,54,OFF0010
195,233,OFF0010
195,55,OFF0010
195,124,OFF0010
195,44,OFF0010
195,166,OFF0010
195,27,OFF0010
195,62,OFF0010
195,42,OFF0010
195,238,OFF0010
195,49,OFF0023
195,235,OFF0023
195,135,OFF0023
195,103,OFF0023
195,49,OFF0022
195,97,OFF0022
947,87,OFF0016
947,43,OFF0016
947,233,OFF0016
947,12,OFF0016
947,11,OFF0016
947,9,OFF0016
947,10,OFF0016
947,19,OFF0016
947,249,OFF0016
947,41,OFF0016
214,233,OFF0020
214,144,OFF0020
214,132,OFF0020
214,106,OFF0020
214,136,OFF0020
1491,174,OFF0038
1491,43,OFF0038
1491,93,OFF0038
1491,238,OFF0038
1491,36,OFF0038
1491,187,OFF0038
1491,113,OFF0038
1491,71,OFF0038
1491,177,OFF0038
1491,247,OFF0038
1491,217,OFF0038
596,229,OFF0025
596,49,OFF0023
596,235,OFF0023
596,135,OFF0023
596,103,OFF0023
596,97,OFF0025
853,103,OFF0023
853,49,OFF0023
853,235,OFF0023
853,135,OFF0023
1443,250,OFF0017
1443,87,OFF0017
1443,233,OFF0017
1443,22,OFF0017
1443,23,OFF0017
1443,24,OFF0017
494,181,OFF0036
494,43,OFF0016
494,233,OFF0016
494,12,OFF0016
494,11,OFF0016
494,9,OFF0016
494,10,OFF0016
494,19,OFF0016
494,249,OFF0016
494,41,OFF0016
494,87,OFF0016
494,233,OFF0007
494,213,OFF0007
494,56,OFF0007
494,63,OFF0007
494,203,OFF0007
494,216,OFF0007
494,108,OFF0007
494,54,OFF0007
494,43,OFF0036
494,93,OFF0036
494,238,OFF0036
494,226,OFF0036
494,245,OFF0036
494,159,OFF0036
494,163,OFF0036
274,229,OFF0025
274,233,OFF0007
274,213,OFF0007
274,56,OFF0007
274,63,OFF0007
274,203,OFF0007
274,216,OFF0007
274,108,OFF0007
274,54,OFF0007
274,49,OFF0022
274,97,OFF0022
274,103,OFF0022
274,97,OFF0025
1347,103,OFF0023
1347,49,OFF0023
1347,235,OFF0023
1347,135,OFF0023
1488,43,OFF0011
1488,131,OFF0011
1488,101,OFF0011
1488,84,OFF0011
1488,45,OFF0011
1488,219,OFF0011
1488,144,OFF0011
1488,40,OFF0011
1117,95,OFF0027
1117,221,OFF0045
1117,93,OFF0045
1117,184,OFF0045
1117,43,OFF0045
1117,91,OFF0045
1117,100,OFF0045
1117,55,OFF0045
1117,57,OFF0045
1117,76,OFF0045
1117,107,OFF0045
1117,89,OFF0045
1117,203,OFF0045
1117,50,OFF0045
1117,54,OFF0008
1117,93,OFF0008
1117,203,OFF0008
1117,89,OFF0008
1117,60,OFF0008
1117,233,OFF0008
1117,202,OFF0008
1117,54,OFF0027
1117,56,OFF0027
1117,209,OFF0027
1117,194,OFF0027
1117,234,OFF0027
149,54,OFF0007
149,54,OFF0027
149,56,OFF0027
149,209,OFF0027
149,194,OFF0027
149,234,OFF0027
149,95,OFF0027
149,233,OFF0007
149,213,OFF0007
149,56,OFF0007
149,63,OFF0007
149,203,OFF0007
149,216,OFF0007
149,108,OFF0007
1081,229,OFF0025
1081,47,OFF0005
1081,54,OFF0005
1081,144,OFF0005
1081,233,OFF0005
1081,183,OFF0005
1081,227,OFF0005
1081,203,OFF0005
1081,89,OFF0005
1081,134,OFF0005
1081,233,OFF0007
1081,213,OFF0007
1081,56,OFF0007
1081,63,OFF0007
1081,203,OFF0007
1081,216,OFF0007
1081,108,OFF0007
1081,54,OFF0007
1081,97,OFF0025
1081,49,OFF0023
1081,235,OFF0023
1081,135,OFF0023
1081,103,OFF0023
857,103,OFF0023
857,49,OFF0023
857,235,OFF0023
857,135,OFF0023
1262,90,OFF0002
1262,167,OFF0002
1262,141,OFF0002
1262,205,OFF0002
1262,54,OFF0002
1262,233,OFF0007
1262,213,OFF0007
1262,56,OFF0007
1262,63,OFF0007
1262,203,OFF0007
1262,216,OFF0007
1262,108,OFF0007
1262,54,OFF0007
714,54,OFF0007
714,54,OFF0027
714,56,OFF0027
714,209,OFF0027
714,194,OFF0027
714,234,OFF0027
714,95,OFF0027
714,233,OFF0007
714,213,OFF0007
714,56,OFF0007
714,63,OFF0007
714,203,OFF0007
714,216,OFF0007
714,108,OFF0007
419,148,OFF0031
419,145,OFF0031
419,61,OFF0031
419,29,OFF0031
419,28,OFF0031
419,230,OFF0031
419,82,OFF0031
419,244,OFF0031
419,118,OFF0031
419,175,OFF0031
419,173,OFF0031
900,103,OFF0023
900,49,OFF0023
900,235,OFF0023
900,135,OFF0023
900,49,OFF0024
900,97,OFF0024
900,135,OFF0024
900,103,OFF0024
208,134,OFF0005
208,47,OFF0005
208,54,OFF0005
208,144,OFF0005
208,233,OFF0005
208,183,OFF0005
208,227,OFF0005
208,203,OFF0005
208,89,OFF0005
924,54,OFF0007
924,233,OFF0007
924,213,OFF0007
924,56,OFF0007
924,63,OFF0007
924,203,OFF0007
924,216,OFF0007
924,108,OFF0007
184,220,OFF0013
184,233,OFF0007
184,213,OFF0007
184,56,OFF0007
184,63,OFF0007
184,203,OFF0007
184,216,OFF0007
184,108,OFF0007
184,54,OFF0007
184,238,OFF0041
184,250,OFF0041
184,88,OFF0041
184,241,OFF0041
184,231,OFF0041
184,218,OFF0041
184,32,OFF0041
184,1,OFF0041
184,89,OFF0041
184,233,OFF0013
184,144,OFF0013
184,2,OFF0013
184,4,OFF0013
184,3,OFF0013
1253,220,OFF0013
1253,233,OFF0015
1253,220,OFF0015
1253,180,OFF0015
1253,15,OFF0015
1253,13,OFF0015
1253,165,OFF0015
1253,14,OFF0015
1253,144,OFF0015
1253,233,OFF0013
1253,144,OFF0013
1253,2,OFF0013
1253,4,OFF0013
1253,3,OFF0013
827,90,OFF0002
827,233,OFF0007
827,213,OFF0007
827,56,OFF0007
827,63,OFF0007
827,203,OFF0007
827,216,OFF0007
827,108,OFF0007
827,54,OFF0007
827,167,OFF0002
827,141,OFF0002
827,205,OFF0002
827,54,OFF0002
642,229,OFF0025
642,117,OFF0010
642,200,OFF0010
642,54,OFF0010
642,233,OFF0010
642,55,OFF0010
642,124,OFF0010
642,44,OFF0010
642,166,OFF0010
642,27,OFF0010
642,62,OFF0010
642,42,OFF0010
642,238,OFF0010
642,49,OFF0022
642,97,OFF0022
642,103,OFF0022
642,97,OFF0025
897,220,OFF0013
897,233,OFF0013
897,144,OFF0013
897,2,OFF0013
897,4,OFF0013
897,3,OFF0013
1174,233,OFF0007
1174,213,OFF0007
1174,56,OFF0007
1174,63,OFF0007
1174,203,OFF0007
1174,216,OFF0007
1174,108,OFF0007
1174,54,OFF0007
1174,117,OFF0010
1174,200,OFF0010
1174,54,OFF0010
1174,233,OFF0010
1174,55,OFF0010
1174,124,OFF0010
1174,44,OFF0010
1174,166,OFF0010
1174,27,OFF0010
1174,62,OFF0010
1174,42,OFF0010
1174,238,OFF0010
229,34,OFF0014
229,123,OFF0014
229,233,OFF0014
229,120,OFF0014
229,17,OFF0014
229,206,OFF0014
229,155,OFF0014
229,21,OFF0014
229,125,OFF0014
229,157,OFF0014
1045,54,OFF0004
1045,60,OFF0004
1045,203,OFF0004
1045,233,OFF0004
1045,182,OFF0004
1045,243,OFF0004
1045,137,OFF0004
1045,238,OFF0004
1045,117,OFF0004
1045,200,OFF0004
1045,47,OFF0004
1045,144,OFF0004
1045,133,OFF0004
1045,164,OFF0004
1045,89,OFF0004
1045,43,OFF0004
654,233,OFF0020
654,144,OFF0020
654,132,OFF0020
654,106,OFF0020
654,136,OFF0020
1334,55,OFF0021
1334,104,OFF0021
1334,50,OFF0021
1077,103,OFF0022
1077,47,OFF0005
1077,54,OFF0005
1077,144,OFF0005
1077,233,OFF0005
1077,183,OFF0005
1077,227,OFF0005
1077,203,OFF0005
1077,89,OFF0005
1077,134,OFF0005
1077,233,OFF0007
1077,213,OFF0007
1077,56,OFF0007
1077,63,OFF0007
1077,203,OFF0007
1077,216,OFF0007
1077,108,OFF0007
1077,54,OFF0007
1077,49,OFF0022
1077,97,OFF0022
918,145,OFF0031
918,61,OFF0031
918,29,OFF0031
918,28,OFF0031
918,230,OFF0031
918,82,OFF0031
918,244,OFF0031
918,118,OFF0031
918,175,OFF0031
918,173,OFF0031
918,148,OFF0031
609,103,OFF0022
609,47,OFF0005
609,54,OFF0005
609,144,OFF0005
609,233,OFF0005
609,183,OFF0005
609,227,OFF0005
609,203,OFF0005
609,89,OFF0005
609,134,OFF0005
609,49,OFF0022
609,97,OFF0022
609,97,OFF0025
609,229,OFF0025
1250,97,OFF0025
1250,229,OFF0025
1250,49,OFF0023
1250,235,OFF0023
1250,135,OFF0023
1250,103,OFF0023
1250,49,OFF0022
1250,97,OFF0022
1250,103,OFF0022
621,70,OFF0034
621,43,OFF0034
621,93,OFF0034
621,238,OFF0034
621,211,OFF0034
621,168,OFF0034
621,126,OFF0034
621,81,OFF0034
621,80,OFF0034
621,37,OFF0034
621,222,OFF0034
621,223,OFF0034
621,217,OFF0034
967,90,OFF0002
967,167,OFF0002
967,141,OFF0002
967,205,OFF0002
967,54,OFF0002
593,233,OFF0020
593,144,OFF0020
593,132,OFF0020
593,106,OFF0020
593,136,OFF0020
1139,103,OFF0023
1139,97,OFF0025
1139,229,OFF0025
1139,49,OFF0023
1139,235,OFF0023
1139,135,OFF0023
1377,54,OFF0007
1377,233,OFF0007
1377,213,OFF0007
1377,56,OFF0007
1377,63,OFF0007
1377,203,OFF0007
1377,216,OFF0007
1377,108,OFF0007
424,95,OFF0027
424,54,OFF0027
424,56,OFF0027
424,209,OFF0027
424,194,OFF0027
424,234,OFF0027
254,54,OFF0007
254,47,OFF0005
254,54,OFF0005
254,144,OFF0005
254,233,OFF0005
254,183,OFF0005
254,227,OFF0005
254,203,OFF0005
254,89,OFF0005
254,134,OFF0005
254,233,OFF0007
254,213,OFF0007
254,56,OFF0007
254,63,OFF0007
254,203,OFF0007
254,216,OFF0007
254,108,OFF0007
1289,43,OFF0011
1289,131,OFF0011
1289,101,OFF0011
1289,84,OFF0011
1289,45,OFF0011
1289,219,OFF0011
1289,144,OFF0011
1289,40,OFF0011
404,103,OFF0023
404,54,OFF0027
404,56,OFF0027
404,209,OFF0027
404,194,OFF0027
404,234,OFF0027
404,95,OFF0027
404,233,OFF0007
404,213,OFF0007
404,56,OFF0007
404,63,OFF0007
404,203,OFF0007
404,216,OFF0007
404,108,OFF0007
404,54,OFF0007
404,49,OFF0023
404,235,OFF0023
404,135,OFF0023
303,72,OFF0028
303,66,OFF0028
303,48,OFF0028
303,215,OFF0028
303,189,OFF0028
303,102,OFF0028
303,114,OFF0028
303,115,OFF0028
1012,220,OFF0013
1012,233,OFF0013
1012,144,OFF0013
1012,2,OFF0013
1012,4,OFF0013
1012,3,OFF0013
516,103,OFF0022
516,97,OFF0025
516,229,OFF0025
516,49,OFF0022
516,97,OFF0022
1187,233,OFF0020
1187,144,OFF0020
1187,132,OFF0020
1187,106,OFF0020
1187,136,OFF0020
492,95,OFF0027
492,54,OFF0027
492,56,OFF0027
492,209,OFF0027
492,194,OFF0027
492,234,OFF0027
1393,134,OFF0005
1393,47,OFF0005
1393,54,OFF0005
1393,144,OFF0005
1393,233,OFF0005
1393,183,OFF0005
1393,227,OFF0005
1393,203,OFF0005
1393,89,OFF0005
407,95,OFF0027
407,54,OFF0027
407,56,OFF0027
407,209,OFF0027
407,194,OFF0027
407,234,OFF0027
812,55,OFF0021
812,104,OFF0021
812,50,OFF0021
1415,95,OFF0027
1415,167,OFF0002
1415,141,OFF0002
1415,205,OFF0002
1415,54,OFF0002
1415,90,OFF0002
1415,54,OFF0027
1415,56,OFF0027
1415,209,OFF0027
1415,194,OFF0027
1415,234,OFF0027
279,54,OFF0007
279,233,OFF0007
279,213,OFF0007
279,56,OFF0007
279,63,OFF0007
279,203,OFF0007
279,216,OFF0007
279,108,OFF0007
1314,229,OFF0025
1314,97,OFF0025
1167,229,OFF0025
1167,49,OFF0022
1167,97,OFF0022
1167,103,OFF0022
1167,49,OFF0023
1167,235,OFF0023
1167,135,OFF0023
1167,103,OFF0023
1167,97,OFF0025
1229,103,OFF0023
1229,49,OFF0022
1229,97,OFF0022
1229,103,OFF0022
1229,49,OFF0023
1229,235,OFF0023
1229,135,OFF0023
405,95,OFF0027
405,54,OFF0027
405,56,OFF0027
405,209,OFF0027
405,194,OFF0027
405,234,OFF0027
1399,103,OFF0023
1399,47,OFF0005
1399,54,OFF0005
1399,144,OFF0005
1399,233,OFF0005
1399,183,OFF0005
1399,227,OFF0005
1399,203,OFF0005
1399,89,OFF0005
1399,134,OFF0005
1399,144,OFF0020
1399,132,OFF0020
1399,106,OFF0020
1399,136,OFF0020
1399,233,OFF0020
1399,49,OFF0023
1399,235,OFF0023
1399,135,OFF0023
1399,49,OFF0022
1399,97,OFF0022
1399,103,OFF0022
744,103,OFF0023
744,49,OFF0023
744,235,OFF0023
744,135,OFF0023
460,144,OFF0020
460,132,OFF0020
460,106,OFF0020
460,136,OFF0020
460,233,OFF0020
244,54,OFF0007
244,47,OFF0005
244,54,OFF0005
244,144,OFF0005
244,233,OFF0005
244,183,OFF0005
244,227,OFF0005
244,203,OFF0005
244,89,OFF0005
244,134,OFF0005
244,54,OFF0027
244,56,OFF0027
244,209,OFF0027
244,194,OFF0027
244,234,OFF0027
244,95,OFF0027
244,233,OFF0007
244,213,OFF0007
244,56,OFF0007
244,63,OFF0007
244,203,OFF0007
244,216,OFF0007
244,108,OFF0007
244,221,OFF0045
244,93,OFF0045
244,184,OFF0045
244,43,OFF0045
244,91,OFF0045
244,100,OFF0045
244,55,OFF0045
244,57,OFF0045
244,76,OFF0045
244,107,OFF0045
244,89,OFF0045
244,203,OFF0045
244,50,OFF0045
1271,134,OFF0005
1271,60,OFF0004
1271,203,OFF0004
1271,233,OFF0004
1271,182,OFF0004
1271,243,OFF0004
1271,137,OFF0004
1271,238,OFF0004
1271,117,OFF0004
1271,200,OFF0004
1271,47,OFF0004
1271,144,OFF0004
1271,133,OFF0004
1271,164,OFF0004
1271,54,OFF0004
1271,89,OFF0004
1271,43,OFF0004
1271,167,OFF0002
1271,141,OFF0002
1271,205,OFF0002
1271,54,OFF0002
1271,90,OFF0002
1271,54,OFF0008
1271,93,OFF0008
1271,203,OFF0008
1271,89,OFF0008
1271,60,OFF0008
1271,233,OFF0008
1271,202,OFF0008
1271,47,OFF0005
1271,54,OFF0005
1271,144,OFF0005
1271,233,OFF0005
1271,183,OFF0005
1271,227,OFF0005
1271,203,OFF0005
1271,89,OFF0005
1080,181,OFF0036
1080,131,OFF0011
1080,101,OFF0011
1080,84,OFF0011
1080,45,OFF0011
1080,219,OFF0011
1080,144,OFF0011
1080,40,OFF0011
1080,43,OFF0011
1080,43,OFF0036
1080,93,OFF0036
1080,238,OFF0036
1080,226,OFF0036
1080,245,OFF0036
1080,159,OFF0036
1080,163,OFF0036
746,229,OFF0025
746,49,OFF0022
746,97,OFF0022
746,103,OFF0022
746,97,OFF0025
392,87,OFF0016
392,233,OFF0013
392,144,OFF0013
392,2,OFF0013
392,4,OFF0013
392,3,OFF0013
392,220,OFF0013
392,43,OFF0016
392,233,OFF0016
392,12,OFF0016
392,11,OFF0016
392,9,OFF0016
392,10,OFF0016
392,19,OFF0016
392,249,OFF0016
392,41,OFF0016
392,144,OFF0020
392,132,OFF0020
392,106,OFF0020
392,136,OFF0020
392,233,OFF0020
375,87,OFF0016
375,43,OFF0016
375,233,OFF0016
375,12,OFF0016
375,11,OFF0016
375,9,OFF0016
375,10,OFF0016
375,19,OFF0016
375,249,OFF0016
375,41,OFF0016
995,103,OFF0023
995,49,OFF0023
995,235,OFF0023
995,135,OFF0023
936,103,OFF0023
936,233,OFF0013
936,144,OFF0013
936,2,OFF0013
936,4,OFF0013
936,3,OFF0013
936,220,OFF0013
936,131,OFF0011
936,101,OFF0011
936,84,OFF0011
936,45,OFF0011
936,219,OFF0011
936,144,OFF0011
936,40,OFF0011
936,43,OFF0011
936,49,OFF0023
936,235,OFF0023
936,135,OFF0023
1280,220,OFF0013
1280,233,OFF0013
1280,144,OFF0013
1280,2,OFF0013
1280,4,OFF0013
1280,3,OFF0013
940,238,OFF0010
940,117,OFF0010
940,200,OFF0010
940,54,OFF0010
940,233,OFF0010
940,55,OFF0010
940,124,OFF0010
940,44,OFF0010
940,166,OFF0010
940,27,OFF0010
940,62,OFF0010
940,42,OFF0010
1183,233,OFF0020
1183,144,OFF0020
1183,132,OFF0020
1183,106,OFF0020
1183,136,OFF0020
1355,55,OFF0021
1355,104,OFF0021
1355,50,OFF0021
1057,103,OFF0022
1057,117,OFF0010
1057,200,OFF0010
1057,54,OFF0010
1057,233,OFF0010
1057,55,OFF0010
1057,124,OFF0010
1057,44,OFF0010
1057,166,OFF0010
1057,27,OFF0010
1057,62,OFF0010
1057,42,OFF0010
1057,238,OFF0010
1057,47,OFF0005
1057,54,OFF0005
1057,144,OFF0005
1057,233,OFF0005
1057,183,OFF0005
1057,227,OFF0005
1057,203,OFF0005
1057,89,OFF0005
1057,134,OFF0005
1057,49,OFF0022
1057,97,OFF0022
536,144,OFF0015
536,233,OFF0013
536,144,OFF0013
536,2,OFF0013
536,4,OFF0013
536,3,OFF0013
536,220,OFF0013
536,233,OFF0015
536,220,OFF0015
536,180,OFF0015
536,15,OFF0015
536,13,OFF0015
536,165,OFF0015
536,14,OFF0015
1449,103,OFF0022
1449,49,OFF0022
1449,97,OFF0022
342,103,OFF0022
342,117,OFF0010
342,200,OFF0010
342,54,OFF0010
342,233,OFF0010
342,55,OFF0010
342,124,OFF0010
342,44,OFF0010
342,166,OFF0010
342,27,OFF0010
342,62,OFF0010
342,42,OFF0010
342,238,OFF0010
342,233,OFF0007
342,213,OFF0007
342,56,OFF0007
342,63,OFF0007
342,203,OFF0007
342,216,OFF0007
342,108,OFF0007
342,54,OFF0007
342,49,OFF0022
342,97,OFF0022
617,54,OFF0004
617,60,OFF0004
617,203,OFF0004
617,233,OFF0004
617,182,OFF0004
617,243,OFF0004
617,137,OFF0004
617,238,OFF0004
617,117,OFF0004
617,200,OFF0004
617,47,OFF0004
617,144,OFF0004
617,133,OFF0004
617,164,OFF0004
617,89,OFF0004
617,43,OFF0004
416,144,OFF0020
416,132,OFF0020
416,106,OFF0020
416,136,OFF0020
416,233,OFF0020
1348,229,OFF0025
1348,97,OFF0025
689,238,OFF0010
689,117,OFF0010
689,200,OFF0010
689,54,OFF0010
689,233,OFF0010
689,55,OFF0010
689,124,OFF0010
689,44,OFF0010
689,166,OFF0010
689,27,OFF0010
689,62,OFF0010
689,42,OFF0010
900,54,OFF0007
900,233,OFF0007
900,213,OFF0007
900,56,OFF0007
900,63,OFF0007
900,203,OFF0007
900,216,OFF0007
900,108,OFF0007
329,55,OFF0021
329,104,OFF0021
329,50,OFF0021
1301,103,OFF0023
1301,49,OFF0023
1301,235,OFF0023
1301,135,OFF0023
706,54,OFF0027
706,56,OFF0027
706,209,OFF0027
706,194,OFF0027
706,234,OFF0027
706,95,OFF0027
787,103,OFF0022
787,49,OFF0022
787,97,OFF0022
1143,103,OFF0023
1143,233,OFF0007
1143,213,OFF0007
1143,56,OFF0007
1143,63,OFF0007
1143,203,OFF0007
1143,216,OFF0007
1143,108,OFF0007
1143,54,OFF0007
1143,49,OFF0023
1143,235,OFF0023
1143,135,OFF0023
1227,144,OFF0020
1227,132,OFF0020
1227,106,OFF0020
1227,136,OFF0020
1227,233,OFF0020
1279,103,OFF0023
1279,49,OFF0023
1279,235,OFF0023
1279,135,OFF0023
1154,103,OFF0023
1154,49,OFF0023
1154,235,OFF0023
1154,135,OFF0023
1488,233,OFF0020
1488,144,OFF0020
1488,132,OFF0020
1488,106,OFF0020
1488,136,OFF0020
644,54,OFF0007
644,233,OFF0007
644,213,OFF0007
644,56,OFF0007
644,63,OFF0007
644,203,OFF0007
644,216,OFF0007
644,108,OFF0007
697,43,OFF0038
697,93,OFF0038
697,238,OFF0038
697,36,OFF0038
697,187,OFF0038
697,113,OFF0038
697,71,OFF0038
697,177,OFF0038
697,247,OFF0038
697,217,OFF0038
697,174,OFF0038
1001,233,OFF0007
1001,213,OFF0007
1001,56,OFF0007
1001,63,OFF0007
1001,203,OFF0007
1001,216,OFF0007
1001,108,OFF0007
1001,54,OFF0007
586,103,OFF0024
586,49,OFF0024
586,97,OFF0024
586,135,OFF0024
420,54,OFF0007
420,54,OFF0027
420,56,OFF0027
420,209,OFF0027
420,194,OFF0027
420,234,OFF0027
420,95,OFF0027
420,233,OFF0007
420,213,OFF0007
420,56,OFF0007
420,63,OFF0007
420,203,OFF0007
420,216,OFF0007
420,108,OFF0007
1400,134,OFF0005
1400,47,OFF0005
1400,54,OFF0005
1400,144,OFF0005
1400,233,OFF0005
1400,183,OFF0005
1400,227,OFF0005
1400,203,OFF0005
1400,89,OFF0005
574,233,OFF0020
574,47,OFF0005
574,54,OFF0005
574,144,OFF0005
574,233,OFF0005
574,183,OFF0005
574,227,OFF0005
574,203,OFF0005
574,89,OFF0005
574,134,OFF0005
574,144,OFF0020
574,132,OFF0020
574,106,OFF0020
574,136,OFF0020
586,54,OFF0007
586,233,OFF0007
586,213,OFF0007
586,56,OFF0007
586,63,OFF0007
586,203,OFF0007
586,216,OFF0007
586,108,OFF0007
1175,233,OFF0020
1175,144,OFF0020
1175,132,OFF0020
1175,106,OFF0020
1175,136,OFF0020
1148,87,OFF0019
1148,43,OFF0019
1148,233,OFF0019
1148,8,OFF0019
1148,78,OFF0019
1148,5,OFF0019
1148,7,OFF0019
1148,6,OFF0019
1169,229,OFF0025
1169,97,OFF0025
722,238,OFF0010
722,117,OFF0010
722,200,OFF0010
722,54,OFF0010
722,233,OFF0010
722,55,OFF0010
722,124,OFF0010
722,44,OFF0010
722,166,OFF0010
722,27,OFF0010
722,62,OFF0010
722,42,OFF0010
1431,233,OFF0020
1431,144,OFF0020
1431,132,OFF0020
1431,106,OFF0020
1431,136,OFF0020
1233,103,OFF0023
1233,49,OFF0023
1233,235,OFF0023
1233,135,OFF0023
471,103,OFF0022
471,49,OFF0022
471,97,OFF0022
1404,54,OFF0007
1404,233,OFF0007
1404,213,OFF0007
1404,56,OFF0007
1404,63,OFF0007
1404,203,OFF0007
1404,216,OFF0007
1404,108,OFF0007
969,87,OFF0019
969,43,OFF0034
969,93,OFF0034
969,238,OFF0034
969,211,OFF0034
969,168,OFF0034
969,126,OFF0034
969,81,OFF0034
969,80,OFF0034
969,37,OFF0034
969,222,OFF0034
969,223,OFF0034
969,217,OFF0034
969,70,OFF0034
969,43,OFF0019
969,233,OFF0019
969,8,OFF0019
969,78,OFF0019
969,5,OFF0019
969,7,OFF0019
969,6,OFF0019
723,103,OFF0022
723,117,OFF0010
723,200,OFF0010
723,54,OFF0010
723,233,OFF0010
723,55,OFF0010
723,124,OFF0010
723,44,OFF0010
723,166,OFF0010
723,27,OFF0010
723,62,OFF0010
723,42,OFF0010
723,238,OFF0010
723,49,OFF0022
723,97,OFF0022
762,229,OFF0025
762,97,OFF0025
454,103,OFF0022
454,49,OFF0022
454,97,OFF0022
1416,134,OFF0005
1416,47,OFF0005
1416,54,OFF0005
1416,144,OFF0005
1416,233,OFF0005
1416,183,OFF0005
1416,227,OFF0005
1416,203,OFF0005
1416,89,OFF0005
859,238,OFF0010
859,117,OFF0010
859,200,OFF0010
859,54,OFF0010
859,233,OFF0010
859,55,OFF0010
859,124,OFF0010
859,44,OFF0010
859,166,OFF0010
859,27,OFF0010
859,62,OFF0010
859,42,OFF0010
1217,103,OFF0023
1217,49,OFF0022
1217,97,OFF0022
1217,103,OFF0022
1217,49,OFF0023
1217,235,OFF0023
1217,135,OFF0023
637,238,OFF0010
637,117,OFF0010
637,200,OFF0010
637,54,OFF0010
637,233,OFF0010
637,55,OFF0010
637,124,OFF0010
637,44,OFF0010
637,166,OFF0010
637,27,OFF0010
637,62,OFF0010
637,42,OFF0010
1104,50,OFF0045
1104,233,OFF0007
1104,213,OFF0007
1104,56,OFF0007
1104,63,OFF0007
1104,203,OFF0007
1104,216,OFF0007
1104,108,OFF0007
1104,54,OFF0007
1104,221,OFF0045
1104,93,OFF0045
1104,184,OFF0045
1104,43,OFF0045
1104,91,OFF0045
1104,100,OFF0045
1104,55,OFF0045
1104,57,OFF0045
1104,76,OFF0045
1104,107,OFF0045
1104,89,OFF0045
1104,203,OFF0045
675,54,OFF0007
675,233,OFF0007
675,213,OFF0007
675,56,OFF0007
675,63,OFF0007
675,203,OFF0007
675,216,OFF0007
675,108,OFF0007
310,95,OFF0027
310,54,OFF0027
310,56,OFF0027
310,209,OFF0027
310,194,OFF0027
310,234,OFF0027
930,90,OFF0002
930,167,OFF0002
930,141,OFF0002
930,205,OFF0002
930,54,OFF0002
1280,144,OFF0020
1280,132,OFF0020
1280,106,OFF0020
1280,136,OFF0020
1280,233,OFF0020
1280,49,OFF0023
1280,235,OFF0023
1280,135,OFF0023
1280,103,OFF0023
794,238,OFF0010
794,117,OFF0010
794,200,OFF0010
794,54,OFF0010
794,233,OFF0010
794,55,OFF0010
794,124,OFF0010
794,44,OFF0010
794,166,OFF0010
794,27,OFF0010
794,62,OFF0010
794,42,OFF0010
101,55,OFF0021
101,104,OFF0021
101,50,OFF0021
1011,233,OFF0007
1011,213,OFF0007
1011,56,OFF0007
1011,63,OFF0007
1011,203,OFF0007
1011,216,OFF0007
1011,108,OFF0007
1011,54,OFF0007
575,54,OFF0007
575,233,OFF0007
575,213,OFF0007
575,56,OFF0007
575,63,OFF0007
575,203,OFF0007
575,216,OFF0007
575,108,OFF0007
1493,103,OFF0022
1493,49,OFF0022
1493,97,OFF0022
1458,55,OFF0021
1458,104,OFF0021
1458,50,OFF0021
1207,87,OFF0016
1207,43,OFF0016
1207,233,OFF0016
1207,12,OFF0016
1207,11,OFF0016
1207,9,OFF0016
1207,10,OFF0016
1207,19,OFF0016
1207,249,OFF0016
1207,41,OFF0016
758,144,OFF0020
758,132,OFF0020
758,106,OFF0020
758,136,OFF0020
758,233,OFF0020
355,43,OFF0016
355,233,OFF0016
355,12,OFF0016
355,11,OFF0016
355,9,OFF0016
355,10,OFF0016
355,19,OFF0016
355,249,OFF0016
355,41,OFF0016
355,87,OFF0016
734,103,OFF0022
734,49,OFF0022
734,97,OFF0022
493,43,OFF0016
493,233,OFF0016
493,12,OFF0016
493,11,OFF0016
493,9,OFF0016
493,10,OFF0016
493,19,OFF0016
493,249,OFF0016
493,41,OFF0016
493,87,OFF0016
265,202,OFF0008
265,54,OFF0008
265,93,OFF0008
265,203,OFF0008
265,89,OFF0008
265,60,OFF0008
265,233,OFF0008
1218,103,OFF0022
1218,49,OFF0022
1218,97,OFF0022
173,54,OFF0007
173,233,OFF0007
173,213,OFF0007
173,56,OFF0007
173,63,OFF0007
173,203,OFF0007
173,216,OFF0007
173,108,OFF0007
623,54,OFF0027
623,56,OFF0027
623,209,OFF0027
623,194,OFF0027
623,234,OFF0027
623,95,OFF0027
1454,233,OFF0020
1454,144,OFF0020
1454,132,OFF0020
1454,106,OFF0020
1454,136,OFF0020
1218,97,OFF0025
1218,229,OFF0025
690,54,OFF0007
690,233,OFF0007
690,213,OFF0007
690,56,OFF0007
690,63,OFF0007
690,203,OFF0007
690,216,OFF0007
690,108,OFF0007
207,134,OFF0005
207,43,OFF0019
207,233,OFF0019
207,8,OFF0019
207,78,OFF0019
207,5,OFF0019
207,7,OFF0019
207,6,OFF0019
207,87,OFF0019
207,54,OFF0006
207,56,OFF0006
207,58,OFF0006
207,183,OFF0006
207,203,OFF0006
207,89,OFF0006
207,59,OFF0006
207,198,OFF0006
207,233,OFF0006
207,35,OFF0006
207,47,OFF0005
207,54,OFF0005
207,144,OFF0005
207,233,OFF0005
207,183,OFF0005
207,227,OFF0005
207,203,OFF0005
207,89,OFF0005
337,103,OFF0022
337,49,OFF0022
337,97,OFF0022
975,233,OFF0020
975,144,OFF0020
975,132,OFF0020
975,106,OFF0020
975,136,OFF0020
550,87,OFF0019
550,43,OFF0019
550,233,OFF0019
550,8,OFF0019
550,78,OFF0019
550,5,OFF0019
550,7,OFF0019
550,6,OFF0019
687,233,OFF0020
687,144,OFF0020
687,132,OFF0020
687,106,OFF0020
687,136,OFF0020
981,54,OFF0007
981,117,OFF0010
981,200,OFF0010
981,54,OFF0010
981,233,OFF0010
981,55,OFF0010
981,124,OFF0010
981,44,OFF0010
981,166,OFF0010
981,27,OFF0010
981,62,OFF0010
981,42,OFF0010
981,238,OFF0010
981,233,OFF0007
981,213,OFF0007
981,56,OFF0007
981,63,OFF0007
981,203,OFF0007
981,216,OFF0007
981,108,OFF0007
981,54,OFF0008
981,93,OFF0008
981,203,OFF0008
981,89,OFF0008
981,60,OFF0008
981,233,OFF0008
981,202,OFF0008
502,134,OFF0005
502,47,OFF0005
502,54,OFF0005
502,144,OFF0005
502,233,OFF0005
502,183,OFF0005
502,227,OFF0005
502,203,OFF0005
502,89,OFF0005
1062,103,OFF0022
1062,49,OFF0022
1062,97,OFF0022
1230,229,OFF0025
1230,54,OFF0027
1230,56,OFF0027
1230,209,OFF0027
1230,194,OFF0027
1230,234,OFF0027
1230,95,OFF0027
1230,54,OFF0008
1230,93,OFF0008
1230,203,OFF0008
1230,89,OFF0008
1230,60,OFF0008
1230,233,OFF0008
1230,202,OFF0008
1230,233,OFF0007
1230,213,OFF0007
1230,56,OFF0007
1230,63,OFF0007
1230,203,OFF0007
1230,216,OFF0007
1230,108,OFF0007
1230,54,OFF0007
1230,49,OFF0022
1230,97,OFF0022
1230,103,OFF0022
1230,97,OFF0025
348,95,OFF0027
348,233,OFF0007
348,213,OFF0007
348,56,OFF0007
348,63,OFF0007
348,203,OFF0007
348,216,OFF0007
348,108,OFF0007
348,54,OFF0007
348,54,OFF0027
348,56,OFF0027
348,209,OFF0027
348,194,OFF0027
348,234,OFF0027
188,54,OFF0007
188,233,OFF0007
188,213,OFF0007
188,56,OFF0007
188,63,OFF0007
188,203,OFF0007
188,216,OFF0007
188,108,OFF0007
1387,144,OFF0015
1387,233,OFF0015
1387,220,OFF0015
1387,180,OFF0015
1387,15,OFF0015
1387,13,OFF0015
1387,165,OFF0015
1387,14,OFF0015
415,43,OFF0037
415,93,OFF0037
415,238,OFF0037
415,39,OFF0037
415,94,OFF0037
415,92,OFF0037
415,217,OFF0037
415,199,OFF0037
415,43,OFF0034
415,93,OFF0034
415,238,OFF0034
415,211,OFF0034
415,168,OFF0034
415,126,OFF0034
415,81,OFF0034
415,80,OFF0034
415,37,OFF0034
415,222,OFF0034
415,223,OFF0034
415,217,OFF0034
415,70,OFF0034
1184,233,OFF0020
1184,144,OFF0020
1184,132,OFF0020
1184,106,OFF0020
1184,136,OFF0020
1430,87,OFF0016
1430,43,OFF0016
1430,233,OFF0016
1430,12,OFF0016
1430,11,OFF0016
1430,9,OFF0016
1430,10,OFF0016
1430,19,OFF0016
1430,249,OFF0016
1430,41,OFF0016
945,55,OFF0021
945,54,OFF0008
945,93,OFF0008
945,203,OFF0008
945,89,OFF0008
945,60,OFF0008
945,233,OFF0008
945,202,OFF0008
945,104,OFF0021
945,50,OFF0021
1308,103,OFF0022
1308,49,OFF0022
1308,97,OFF0022
1484,233,OFF0007
1484,213,OFF0007
1484,56,OFF0007
1484,63,OFF0007
1484,203,OFF0007
1484,216,OFF0007
1484,108,OFF0007
1484,54,OFF0007
1337,103,OFF0023
1337,47,OFF0005
1337,54,OFF0005
1337,144,OFF0005
1337,233,OFF0005
1337,183,OFF0005
1337,227,OFF0005
1337,203,OFF0005
1337,89,OFF0005
1337,134,OFF0005
1337,49,OFF0022
1337,97,OFF0022
1337,103,OFF0022
1337,49,OFF0023
1337,235,OFF0023
1337,135,OFF0023
1426,233,OFF0020
1426,144,OFF0020
1426,132,OFF0020
1426,106,OFF0020
1426,136,OFF0020
370,95,OFF0027
370,54,OFF0027
370,56,OFF0027
370,209,OFF0027
370,194,OFF0027
370,234,OFF0027
452,148,OFF0031
452,145,OFF0031
452,61,OFF0031
452,29,OFF0031
452,28,OFF0031
452,230,OFF0031
452,82,OFF0031
452,244,OFF0031
452,118,OFF0031
452,175,OFF0031
452,173,OFF0031
882,95,OFF0027
882,104,OFF0021
882,50,OFF0021
882,55,OFF0021
882,47,OFF0005
882,54,OFF0005
882,144,OFF0005
882,233,OFF0005
882,183,OFF0005
882,227,OFF0005
882,203,OFF0005
882,89,OFF0005
882,134,OFF0005
882,117,OFF0010
882,200,OFF0010
882,54,OFF0010
882,233,OFF0010
882,55,OFF0010
882,124,OFF0010
882,44,OFF0010
882,166,OFF0010
882,27,OFF0010
882,62,OFF0010
882,42,OFF0010
882,238,OFF0010
882,233,OFF0007
882,213,OFF0007
882,56,OFF0007
882,63,OFF0007
882,203,OFF0007
882,216,OFF0007
882,108,OFF0007
882,54,OFF0007
882,54,OFF0027
882,56,OFF0027
882,209,OFF0027
882,194,OFF0027
882,234,OFF0027
1410,43,OFF0016
1410,233,OFF0016
1410,12,OFF0016
1410,11,OFF0016
1410,9,OFF0016
1410,10,OFF0016
1410,19,OFF0016
1410,249,OFF0016
1410,41,OFF0016
1410,87,OFF0016
1410,117,OFF0010
1410,200,OFF0010
1410,54,OFF0010
1410,233,OFF0010
1410,55,OFF0010
1410,124,OFF0010
1410,44,OFF0010
1410,166,OFF0010
1410,27,OFF0010
1410,62,OFF0010
1410,42,OFF0010
1410,238,OFF0010
331,49,OFF0022
331,97,OFF0022
331,103,OFF0022
142,103,OFF0023
142,49,OFF0023
142,235,OFF0023
142,135,OFF0023
692,103,OFF0023
692,49,OFF0023
692,235,OFF0023
692,135,OFF0023
145,103,OFF0023
145,49,OFF0023
145,235,OFF0023
145,135,OFF0023
731,43,OFF0011
731,131,OFF0011
731,101,OFF0011
731,84,OFF0011
731,45,OFF0011
731,219,OFF0011
731,144,OFF0011
731,40,OFF0011
1463,54,OFF0027
1463,56,OFF0027
1463,209,OFF0027
1463,194,OFF0027
1463,234,OFF0027
1463,95,OFF0027
1463,131,OFF0011
1463,101,OFF0011
1463,84,OFF0011
1463,45,OFF0011
1463,219,OFF0011
1463,144,OFF0011
1463,40,OFF0011
1463,43,OFF0011
1463,167,OFF0002
1463,141,OFF0002
1463,205,OFF0002
1463,54,OFF0002
1463,90,OFF0002
217,233,OFF0020
217,144,OFF0020
217,132,OFF0020
217,106,OFF0020
217,136,OFF0020
1213,54,OFF0007
1213,233,OFF0007
1213,213,OFF0007
1213,56,OFF0007
1213,63,OFF0007
1213,203,OFF0007
1213,216,OFF0007
1213,108,OFF0007
788,233,OFF0007
788,213,OFF0007
788,56,OFF0007
788,63,OFF0007
788,203,OFF0007
788,216,OFF0007
788,108,OFF0007
788,54,OFF0007
878,144,OFF0020
878,132,OFF0020
878,106,OFF0020
878,136,OFF0020
878,233,OFF0020
1354,60,OFF0004
1354,203,OFF0004
1354,233,OFF0004
1354,182,OFF0004
1354,243,OFF0004
1354,137,OFF0004
1354,238,OFF0004
1354,117,OFF0004
1354,200,OFF0004
1354,47,OFF0004
1354,144,OFF0004
1354,133,OFF0004
1354,164,OFF0004
1354,54,OFF0004
1354,89,OFF0004
1354,43,OFF0004
1354,54,OFF0008
1354,93,OFF0008
1354,203,OFF0008
1354,89,OFF0008
1354,60,OFF0008
1354,233,OFF0008
1354,202,OFF0008
1354,117,OFF0010
1354,200,OFF0010
1354,54,OFF0010
1354,233,OFF0010
1354,55,OFF0010
1354,124,OFF0010
1354,44,OFF0010
1354,166,OFF0010
1354,27,OFF0010
1354,62,OFF0010
1354,42,OFF0010
1354,238,OFF0010
1197,54,OFF0007
1197,233,OFF0007
1197,213,OFF0007
1197,56,OFF0007
1197,63,OFF0007
1197,203,OFF0007
1197,216,OFF0007
1197,108,OFF0007
1069,134,OFF0005
1069,47,OFF0005
1069,54,OFF0005
1069,144,OFF0005
1069,233,OFF0005
1069,183,OFF0005
1069,227,OFF0005
1069,203,OFF0005
1069,89,OFF0005
909,43,OFF0042
909,204,OFF0043
909,74,OFF0043
909,212,OFF0043
909,237,OFF0043
909,89,OFF0043
909,203,OFF0043
909,201,OFF0043
909,151,OFF0044
909,208,OFF0044
909,75,OFF0044
909,67,OFF0044
909,38,OFF0044
909,86,OFF0044
909,246,OFF0044
909,122,OFF0044
909,224,OFF0044
909,89,OFF0044
909,203,OFF0044
909,43,OFF0044
909,238,OFF0041
909,250,OFF0041
909,88,OFF0041
909,241,OFF0041
909,231,OFF0041
909,218,OFF0041
909,32,OFF0041
909,1,OFF0041
909,89,OFF0041
909,121,OFF0042
909,240,OFF0042
909,232,OFF0042
909,152,OFF0042
909,111,OFF0042
909,248,OFF0042
909,178,OFF0042
909,150,OFF0042
909,31,OFF0042
909,89,OFF0042
909,203,OFF0042
1456,103,OFF0023
1456,49,OFF0023
1456,235,OFF0023
1456,135,OFF0023
700,202,OFF0008
700,47,OFF0005
700,54,OFF0005
700,144,OFF0005
700,233,OFF0005
700,183,OFF0005
700,227,OFF0005
700,203,OFF0005
700,89,OFF0005
700,134,OFF0005
700,117,OFF0010
700,200,OFF0010
700,54,OFF0010
700,233,OFF0010
700,55,OFF0010
700,124,OFF0010
700,44,OFF0010
700,166,OFF0010
700,27,OFF0010
700,62,OFF0010
700,42,OFF0010
700,238,OFF0010
700,54,OFF0008
700,93,OFF0008
700,203,OFF0008
700,89,OFF0008
700,60,OFF0008
700,233,OFF0008
1139,43,OFF0011
1139,131,OFF0011
1139,101,OFF0011
1139,84,OFF0011
1139,45,OFF0011
1139,219,OFF0011
1139,144,OFF0011
1139,40,OFF0011
1441,49,OFF0024
1441,97,OFF0024
1441,135,OFF0024
1441,103,OFF0024
527,50,OFF0045
527,221,OFF0045
527,93,OFF0045
527,184,OFF0045
527,43,OFF0045
527,91,OFF0045
527,100,OFF0045
527,55,OFF0045
527,57,OFF0045
527,76,OFF0045
527,107,OFF0045
527,89,OFF0045
527,203,OFF0045
1471,148,OFF0031
1471,54,OFF0008
1471,93,OFF0008
1471,203,OFF0008
1471,89,OFF0008
1471,60,OFF0008
1471,233,OFF0008
1471,202,OFF0008
1471,145,OFF0031
1471,61,OFF0031
1471,29,OFF0031
1471,28,OFF0031
1471,230,OFF0031
1471,82,OFF0031
1471,244,OFF0031
1471,118,OFF0031
1471,175,OFF0031
1471,173,OFF0031
498,238,OFF0041
498,250,OFF0041
498,88,OFF0041
498,241,OFF0041
498,231,OFF0041
498,218,OFF0041
498,32,OFF0041
498,1,OFF0041
498,89,OFF0041
720,144,OFF0020
720,132,OFF0020
720,106,OFF0020
720,136,OFF0020
720,233,OFF0020
337,103,OFF0023
337,49,OFF0023
337,235,OFF0023
337,135,OFF0023
998,238,OFF0010
998,117,OFF0010
998,200,OFF0010
998,54,OFF0010
998,233,OFF0010
998,55,OFF0010
998,124,OFF0010
998,44,OFF0010
998,166,OFF0010
998,27,OFF0010
998,62,OFF0010
998,42,OFF0010
1170,87,OFF0019
1170,43,OFF0019
1170,233,OFF0019
1170,8,OFF0019
1170,78,OFF0019
1170,5,OFF0019
1170,7,OFF0019
1170,6,OFF0019
1321,54,OFF0027
1321,56,OFF0027
1321,209,OFF0027
1321,194,OFF0027
1321,234,OFF0027
1321,95,OFF0027
551,229,OFF0025
551,49,OFF0023
551,235,OFF0023
551,135,OFF0023
551,103,OFF0023
551,97,OFF0025
625,43,OFF0011
625,131,OFF0011
625,101,OFF0011
625,84,OFF0011
625,45,OFF0011
625,219,OFF0011
625,144,OFF0011
625,40,OFF0011
330,134,OFF0005
330,47,OFF0005
330,54,OFF0005
330,144,OFF0005
330,233,OFF0005
330,183,OFF0005
330,227,OFF0005
330,203,OFF0005
330,89,OFF0005
181,95,OFF0027
181,54,OFF0027
181,56,OFF0027
181,209,OFF0027
181,194,OFF0027
181,234,OFF0027
453,202,OFF0008
453,54,OFF0008
453,93,OFF0008
453,203,OFF0008
453,89,OFF0008
453,60,OFF0008
453,233,OFF0008
365,134,OFF0005
365,47,OFF0005
365,54,OFF0005
365,144,OFF0005
365,233,OFF0005
365,183,OFF0005
365,227,OFF0005
365,203,OFF0005
365,89,OFF0005
1147,90,OFF0002
1147,233,OFF0007
1147,213,OFF0007
1147,56,OFF0007
1147,63,OFF0007
1147,203,OFF0007
1147,216,OFF0007
1147,108,OFF0007
1147,54,OFF0007
1147,54,OFF0008
1147,93,OFF0008
1147,203,OFF0008
1147,89,OFF0008
1147,60,OFF0008
1147,233,OFF0008
1147,202,OFF0008
1147,145,OFF0031
1147,61,OFF0031
1147,29,OFF0031
1147,28,OFF0031
1147,230,OFF0031
1147,82,OFF0031
1147,244,OFF0031
1147,118,OFF0031
1147,175,OFF0031
1147,173,OFF0031
1147,148,OFF0031
1147,167,OFF0002
1147,141,OFF0002
1147,205,OFF0002
1147,54,OFF0002
198,148,OFF0031
198,145,OFF0031
198,61,OFF0031
198,29,OFF0031
198,28,OFF0031
198,230,OFF0031
198,82,OFF0031
198,244,OFF0031
198,118,OFF0031
198,175,OFF0031
198,173,OFF0031
1238,60,OFF0004
1238,203,OFF0004
1238,233,OFF0004
1238,182,OFF0004
1238,243,OFF0004
1238,137,OFF0004
1238,238,OFF0004
1238,117,OFF0004
1238,200,OFF0004
1238,47,OFF0004
1238,144,OFF0004
1238,133,OFF0004
1238,164,OFF0004
1238,54,OFF0004
1238,89,OFF0004
1238,43,OFF0004
1147,54,OFF0027
1147,56,OFF0027
1147,209,OFF0027
1147,194,OFF0027
1147,234,OFF0027
1147,95,OFF0027
1147,47,OFF0005
1147,54,OFF0005
1147,144,OFF0005
1147,233,OFF0005
1147,183,OFF0005
1147,227,OFF0005
1147,203,OFF0005
1147,89,OFF0005
1147,134,OFF0005
1147,144,OFF0020
1147,132,OFF0020
1147,106,OFF0020
1147,136,OFF0020
1147,233,OFF0020
1147,104,OFF0021
1147,50,OFF0021
1147,55,OFF0021
1231,229,OFF0025
1231,97,OFF0025
1413,233,OFF0020
1413,144,OFF0020
1413,132,OFF0020
1413,106,OFF0020
1413,136,OFF0020
800,95,OFF0027
800,54,OFF0027
800,56,OFF0027
800,209,OFF0027
800,194,OFF0027
800,234,OFF0027
194,134,OFF0005
194,47,OFF0005
194,54,OFF0005
194,144,OFF0005
194,233,OFF0005
194,183,OFF0005
194,227,OFF0005
194,203,OFF0005
194,89,OFF0005
1305,134,OFF0005
1305,47,OFF0005
1305,54,OFF0005
1305,144,OFF0005
1305,233,OFF0005
1305,183,OFF0005
1305,227,OFF0005
1305,203,OFF0005
1305,89,OFF0005
1039,95,OFF0027
1039,54,OFF0027
1039,56,OFF0027
1039,209,OFF0027
1039,194,OFF0027
1039,234,OFF0027
775,47,OFF0005
775,54,OFF0005
775,144,OFF0005
775,233,OFF0005
775,183,OFF0005
775,227,OFF0005
775,203,OFF0005
775,89,OFF0005
775,134,OFF0005
979,144,OFF0020
979,132,OFF0020
979,106,OFF0020
979,136,OFF0020
979,233,OFF0020
413,121,OFF0042
413,240,OFF0042
413,232,OFF0042
413,152,OFF0042
413,111,OFF0042
413,248,OFF0042
413,178,OFF0042
413,150,OFF0042
413,31,OFF0042
413,89,OFF0042
413,203,OFF0042
413,43,OFF0042
1210,72,OFF0028
1210,66,OFF0028
1210,48,OFF0028
1210,215,OFF0028
1210,189,OFF0028
1210,102,OFF0028
1210,114,OFF0028
1210,115,OFF0028
1210,131,OFF0011
1210,101,OFF0011
1210,84,OFF0011
1210,45,OFF0011
1210,219,OFF0011
1210,144,OFF0011
1210,40,OFF0011
1210,43,OFF0011
148,121,OFF0042
148,240,OFF0042
148,232,OFF0042
148,152,OFF0042
148,111,OFF0042
148,248,OFF0042
148,178,OFF0042
148,150,OFF0042
148,31,OFF0042
148,89,OFF0042
148,203,OFF0042
148,43,OFF0042
148,204,OFF0043
148,74,OFF0043
148,212,OFF0043
148,237,OFF0043
148,89,OFF0043
148,203,OFF0043
148,201,OFF0043
148,151,OFF0044
148,208,OFF0044
148,75,OFF0044
148,67,OFF0044
148,38,OFF0044
148,86,OFF0044
148,246,OFF0044
148,122,OFF0044
148,224,OFF0044
148,89,OFF0044
148,203,OFF0044
148,43,OFF0044
148,221,OFF0045
148,93,OFF0045
148,184,OFF0045
148,43,OFF0045
148,91,OFF0045
148,100,OFF0045
148,55,OFF0045
148,57,OFF0045
148,76,OFF0045
148,107,OFF0045
148,89,OFF0045
148,203,OFF0045
148,50,OFF0045
148,73,OFF0046
148,203,OFF0046
148,25,OFF0046
148,195,OFF0046
148,176,OFF0046
148,110,OFF0046
148,162,OFF0046
148,51,OFF0046
148,53,OFF0046
148,52,OFF0046
148,158,OFF0046
148,89,OFF0046
148,179,OFF0046
1069,229,OFF0025
1069,97,OFF0025
788,54,OFF0026
788,79,OFF0026
788,194,OFF0026
788,56,OFF0026
788,116,OFF0026
788,234,OFF0026
788,95,OFF0026
1063,134,OFF0005
1063,47,OFF0005
1063,54,OFF0005
1063,144,OFF0005
1063,233,OFF0005
1063,183,OFF0005
1063,227,OFF0005
1063,203,OFF0005
1063,89,OFF0005
111,43,OFF0011
111,131,OFF0011
111,101,OFF0011
111,84,OFF0011
111,45,OFF0011
111,219,OFF0011
111,144,OFF0011
111,40,OFF0011
451,233,OFF0007
451,213,OFF0007
451,56,OFF0007
451,63,OFF0007
451,203,OFF0007
451,216,OFF0007
451,108,OFF0007
451,54,OFF0007
1386,96,OFF0029
1386,196,OFF0029
1386,207,OFF0029
1386,119,OFF0029
1386,69,OFF0029
1386,198,OFF0029
1386,197,OFF0029
1386,147,OFF0029
1386,128,OFF0029
1386,20,OFF0029
1386,129,OFF0029
1386,161,OFF0029
1386,109,OFF0029
1386,146,OFF0029
1386,186,OFF0029
1287,87,OFF0019
1287,43,OFF0019
1287,233,OFF0019
1287,8,OFF0019
1287,78,OFF0019
1287,5,OFF0019
1287,7,OFF0019
1287,6,OFF0019
869,87,OFF0016
869,43,OFF0016
869,233,OFF0016
869,12,OFF0016
869,11,OFF0016
869,9,OFF0016
869,10,OFF0016
869,19,OFF0016
869,249,OFF0016
869,41,OFF0016
582,181,OFF0036
582,43,OFF0036
582,93,OFF0036
582,238,OFF0036
582,226,OFF0036
582,245,OFF0036
582,159,OFF0036
582,163,OFF0036
660,87,OFF0016
660,87,OFF0017
660,233,OFF0017
660,22,OFF0017
660,23,OFF0017
660,24,OFF0017
660,250,OFF0017
660,43,OFF0016
660,233,OFF0016
660,12,OFF0016
660,11,OFF0016
660,9,OFF0016
660,10,OFF0016
660,19,OFF0016
660,249,OFF0016
660,41,OFF0016
1261,233,OFF0020
1261,144,OFF0020
1261,132,OFF0020
1261,106,OFF0020
1261,136,OFF0020
445,148,OFF0031
445,47,OFF0005
445,54,OFF0005
445,144,OFF0005
445,233,OFF0005
445,183,OFF0005
445,227,OFF0005
445,203,OFF0005
445,89,OFF0005
445,134,OFF0005
445,145,OFF0031
445,61,OFF0031
445,29,OFF0031
445,28,OFF0031
445,230,OFF0031
445,82,OFF0031
445,244,OFF0031
445,118,OFF0031
445,175,OFF0031
445,173,OFF0031
373,87,OFF0019
373,43,OFF0019
373,233,OFF0019
373,8,OFF0019
373,78,OFF0019
373,5,OFF0019
373,7,OFF0019
373,6,OFF0019
1221,43,OFF0036
1221,93,OFF0036
1221,238,OFF0036
1221,226,OFF0036
1221,245,OFF0036
1221,159,OFF0036
1221,163,OFF0036
1221,181,OFF0036
1034,144,OFF0020
1034,132,OFF0020
1034,106,OFF0020
1034,136,OFF0020
1034,233,OFF0020
856,181,OFF0036
856,43,OFF0036
856,93,OFF0036
856,238,OFF0036
856,226,OFF0036
856,245,OFF0036
856,159,OFF0036
856,163,OFF0036
1351,43,OFF0039
1351,93,OFF0039
1351,238,OFF0039
1351,139,OFF0039
1351,153,OFF0039
1351,68,OFF0039
1351,242,OFF0039
1351,192,OFF0039
899,233,OFF0020
899,43,OFF0016
899,233,OFF0016
899,12,OFF0016
899,11,OFF0016
899,9,OFF0016
899,10,OFF0016
899,19,OFF0016
899,249,OFF0016
899,41,OFF0016
899,87,OFF0016
899,87,OFF0017
899,233,OFF0017
899,22,OFF0017
899,23,OFF0017
899,24,OFF0017
899,250,OFF0017
899,144,OFF0020
899,132,OFF0020
899,106,OFF0020
899,136,OFF0020
569,233,OFF0020
569,144,OFF0020
569,132,OFF0020
569,106,OFF0020
569,136,OFF0020
569,233,OFF0013
569,144,OFF0013
569,2,OFF0013
569,4,OFF0013
569,3,OFF0013
569,220,OFF0013
437,43,OFF0011
437,131,OFF0011
437,101,OFF0011
437,84,OFF0011
437,45,OFF0011
437,219,OFF0011
437,144,OFF0011
437,40,OFF0011
269,87,OFF0019
269,145,OFF0031
269,61,OFF0031
269,29,OFF0031
269,28,OFF0031
269,230,OFF0031
269,82,OFF0031
269,244,OFF0031
269,118,OFF0031
269,175,OFF0031
269,173,OFF0031
269,148,OFF0031
269,47,OFF0005
269,54,OFF0005
269,144,OFF0005
269,233,OFF0005
269,183,OFF0005
269,227,OFF0005
269,203,OFF0005
269,89,OFF0005
269,134,OFF0005
269,117,OFF0010
269,200,OFF0010
269,54,OFF0010
269,233,OFF0010
269,55,OFF0010
269,124,OFF0010
269,44,OFF0010
269,166,OFF0010
269,27,OFF0010
269,62,OFF0010
269,42,OFF0010
269,238,OFF0010
269,43,OFF0019
269,233,OFF0019
269,8,OFF0019
269,78,OFF0019
269,5,OFF0019
269,7,OFF0019
269,6,OFF0019
1144,104,OFF0021
1144,50,OFF0021
1144,55,OFF0021
1439,144,OFF0020
1439,132,OFF0020
1439,106,OFF0020
1439,136,OFF0020
1439,233,OFF0020
236,233,OFF0020
236,144,OFF0020
236,132,OFF0020
236,106,OFF0020
236,136,OFF0020
992,220,OFF0013
992,233,OFF0013
992,144,OFF0013
992,2,OFF0013
992,4,OFF0013
992,3,OFF0013
375,233,OFF0020
375,144,OFF0020
375,132,OFF0020
375,106,OFF0020
375,136,OFF0020
361,202,OFF0008
361,233,OFF0007
361,213,OFF0007
361,56,OFF0007
361,63,OFF0007
361,203,OFF0007
361,216,OFF0007
361,108,OFF0007
361,54,OFF0007
361,54,OFF0008
361,93,OFF0008
361,203,OFF0008
361,89,OFF0008
361,60,OFF0008
361,233,OFF0008
713,220,OFF0013
713,233,OFF0013
713,144,OFF0013
713,2,OFF0013
713,4,OFF0013
713,3,OFF0013
1497,54,OFF0027
1497,56,OFF0027
1497,209,OFF0027
1497,194,OFF0027
1497,234,OFF0027
1497,95,OFF0027
1307,43,OFF0016
1307,233,OFF0016
1307,12,OFF0016
1307,11,OFF0016
1307,9,OFF0016
1307,10,OFF0016
1307,19,OFF0016
1307,249,OFF0016
1307,41,OFF0016
1307,87,OFF0016
1064,233,OFF0020
1064,47,OFF0005
1064,54,OFF0005
1064,144,OFF0005
1064,233,OFF0005
1064,183,OFF0005
1064,227,OFF0005
1064,203,OFF0005
1064,89,OFF0005
1064,134,OFF0005
1064,144,OFF0020
1064,132,OFF0020
1064,106,OFF0020
1064,136,OFF0020
341,103,OFF0023
341,54,OFF0008
341,93,OFF0008
341,203,OFF0008
341,89,OFF0008
341,60,OFF0008
341,233,OFF0008
341,202,OFF0008
341,233,OFF0007
341,213,OFF0007
341,56,OFF0007
341,63,OFF0007
341,203,OFF0007
341,216,OFF0007
341,108,OFF0007
341,54,OFF0007
341,49,OFF0022
341,97,OFF0022
341,103,OFF0022
341,49,OFF0023
341,235,OFF0023
341,135,OFF0023
776,43,OFF0019
776,233,OFF0019
776,8,OFF0019
776,78,OFF0019
776,5,OFF0019
776,7,OFF0019
776,6,OFF0019
776,87,OFF0019
1440,220,OFF0013
1440,233,OFF0013
1440,144,OFF0013
1440,2,OFF0013
1440,4,OFF0013
1440,3,OFF0013
618,233,OFF0020
618,144,OFF0020
618,132,OFF0020
618,106,OFF0020
618,136,OFF0020
1103,233,OFF0020
1103,144,OFF0020
1103,132,OFF0020
1103,106,OFF0020
1103,136,OFF0020
1215,144,OFF0020
1215,132,OFF0020
1215,106,OFF0020
1215,136,OFF0020
1215,233,OFF0020
895,233,OFF0020
895,144,OFF0020
895,132,OFF0020
895,106,OFF0020
895,136,OFF0020
895,47,OFF0005
895,54,OFF0005
895,144,OFF0005
895,233,OFF0005
895,183,OFF0005
895,227,OFF0005
895,203,OFF0005
895,89,OFF0005
895,134,OFF0005
1041,144,OFF0015
1041,233,OFF0015
1041,220,OFF0015
1041,180,OFF0015
1041,15,OFF0015
1041,13,OFF0015
1041,165,OFF0015
1041,14,OFF0015
